date,weather,market,weather_lag_1,weather_lag_2,market_lag_1,market_lag_2,rolling_corr
2023-01-12,1,0.01078274743420666,,,,,
2023-01-13,0,0.010775421756265361,1.0,,0.01078274743420666,,
2023-01-17,1,0.008645576383263243,0.0,1.0,0.010775421756265361,0.01078274743420666,
2023-01-18,0,0.008917111026278662,1.0,0.0,0.008645576383263243,0.010775421756265361,
2023-01-19,1,0.009535302212881097,0.0,1.0,0.008917111026278662,0.008645576383263243,
2023-01-20,0,0.011743946621757607,1.0,0.0,0.009535302212881097,0.008917111026278662,
2023-01-23,1,0.01159960279710741,0.0,1.0,0.011743946621757607,0.009535302212881097,
2023-01-24,1,0.011611897230409684,1.0,0.0,0.01159960279710741,0.011743946621757607,
2023-01-25,1,0.011555308614908204,1.0,1.0,0.011611897230409684,0.01159960279710741,
2023-01-26,0,0.012086491103549047,1.0,1.0,0.011555308614908204,0.011611897230409684,
2023-01-27,1,0.009152044148216108,0.0,1.0,0.012086491103549047,0.011555308614908204,
2023-01-30,0,0.010510488542170682,1.0,0.0,0.009152044148216108,0.012086491103549047,
2023-01-31,1,0.009608115234866993,0.0,1.0,0.010510488542170682,0.009152044148216108,
2023-02-01,1,0.00941957843486496,1.0,0.0,0.009608115234866993,0.010510488542170682,
2023-02-02,1,0.010042369800651308,1.0,1.0,0.00941957843486496,0.009608115234866993,
2023-02-03,1,0.01164891368263827,1.0,1.0,0.010042369800651308,0.00941957843486496,
2023-02-06,1,0.011800861703029051,1.0,1.0,0.01164891368263827,0.010042369800651308,
2023-02-07,1,0.012527482527012796,1.0,1.0,0.011800861703029051,0.01164891368263827,
2023-02-08,0,0.012132569852822796,1.0,1.0,0.012527482527012796,0.011800861703029051,
2023-02-09,1,0.01180621659123832,0.0,1.0,0.012132569852822796,0.012527482527012796,
2023-02-10,0,0.010999755372709332,1.0,0.0,0.01180621659123832,0.012132569852822796,
2023-02-13,0,0.010273683459419671,0.0,1.0,0.010999755372709332,0.01180621659123832,
2023-02-14,0,0.00948787071887311,0.0,0.0,0.010273683459419671,0.010999755372709332,
2023-02-15,0,0.009113011141352632,0.0,0.0,0.00948787071887311,0.010273683459419671,
2023-02-16,0,0.009041316308027668,0.0,0.0,0.009113011141352632,0.00948787071887311,
2023-02-17,0,0.00823802969232697,0.0,0.0,0.009041316308027668,0.009113011141352632,
2023-02-21,0,0.010671550385842622,0.0,0.0,0.00823802969232697,0.009041316308027668,
2023-02-22,1,0.010463328419461798,0.0,0.0,0.010671550385842622,0.00823802969232697,
2023-02-23,1,0.009187935614881158,1.0,0.0,0.010463328419461798,0.010671550385842622,
2023-02-24,0,0.009251127214698588,1.0,1.0,0.009187935614881158,0.010463328419461798,0.1466908966536526
2023-02-27,1,0.009298016443199336,0.0,1.0,0.009251127214698588,0.009187935614881158,0.10707279163346203
2023-02-28,1,0.00861314837109424,1.0,0.0,0.009298016443199336,0.009251127214698588,0.07613826551047662
2023-03-01,1,0.008589801720935876,1.0,1.0,0.00861314837109424,0.009298016443199336,0.07470036716403891
2023-03-02,0,0.006301297789075199,1.0,1.0,0.008589801720935876,0.00861314837109424,0.13535799282295358
2023-03-03,1,0.008863149717215026,0.0,1.0,0.006301297789075199,0.008589801720935876,0.12037987675160042
2023-03-06,0,0.008743297758695682,1.0,0.0,0.008863149717215026,0.006301297789075199,0.20034959748201905
2023-03-07,0,0.009931820895958197,0.0,1.0,0.008743297758695682,0.008863149717215026,0.17346755684891815
2023-03-08,1,0.009883465904208312,0.0,0.0,0.009931820895958197,0.008743297758695682,0.13834838207346725
2023-03-09,0,0.01221839970294417,1.0,0.0,0.009883465904208312,0.009931820895958197,0.04490292508268992
2023-03-10,1,0.013128235840800735,0.0,1.0,0.01221839970294417,0.009883465904208312,0.15973782628299202
2023-03-13,0,0.012307254484574504,1.0,0.0,0.013128235840800735,0.01221839970294417,0.12403333178355874
2023-03-14,1,0.01239952249125683,0.0,1.0,0.012307254484574504,0.013128235840800735,0.17348395307397485
2023-03-15,1,0.012206584044357765,1.0,0.0,0.01239952249125683,0.012307254484574504,0.2199287592929947
2023-03-16,0,0.014012987002340268,1.0,1.0,0.012206584044357765,0.01239952249125683,0.14874675864365855
2023-03-17,0,0.014458541139703735,0.0,1.0,0.014012987002340268,0.012206584044357765,0.07852324982979751
2023-03-20,1,0.013102212319432479,0.0,0.0,0.014458541139703735,0.014012987002340268,0.10365136064220874
2023-03-21,0,0.011624949575187647,1.0,0.0,0.013102212319432479,0.014458541139703735,0.06629780253884963
2023-03-22,0,0.014161520274260861,0.0,1.0,0.011624949575187647,0.013102212319432479,-0.0226356915476868
2023-03-23,0,0.012893799107844378,0.0,0.0,0.014161520274260861,0.011624949575187647,-0.03266002373129684
2023-03-24,0,0.012443421517273366,0.0,0.0,0.012893799107844378,0.014161520274260861,-0.07831700173154792
2023-03-27,0,0.010652288632384219,0.0,0.0,0.012443421517273366,0.012893799107844378,-0.07399594990205287
2023-03-28,0,0.00945582202149478,0.0,0.0,0.010652288632384219,0.012443421517273366,-0.06342054368112562
2023-03-29,0,0.010280365601131826,0.0,0.0,0.00945582202149478,0.010652288632384219,-0.07365679977498236
2023-03-30,1,0.009408235842957661,0.0,0.0,0.010280365601131826,0.00945582202149478,-0.1207398645070849
2023-03-31,0,0.006116578401041005,1.0,0.0,0.009408235842957661,0.010280365601131826,-0.07596275394531875
2023-04-03,0,0.006060566330860801,0.0,1.0,0.006116578401041005,0.009408235842957661,-0.046213300203218725
2023-04-04,0,0.007600662561584539,0.0,0.0,0.006060566330860801,0.006116578401041005,-0.009296083130727223
2023-04-05,0,0.008020265875945705,0.0,0.0,0.007600662561584539,0.006060566330860801,0.016506225054243963
2023-04-06,0,0.0076478005914809785,0.0,0.0,0.008020265875945705,0.007600662561584539,0.06620258299244677
2023-04-10,0,0.006460807638341261,0.0,0.0,0.0076478005914809785,0.008020265875945705,0.08997106445371097
2023-04-11,0,0.006405407512550917,0.0,0.0,0.006460807638341261,0.0076478005914809785,0.13974790014924318
2023-04-12,0,0.0036943816564172813,0.0,0.0,0.006405407512550917,0.006460807638341261,0.20807719180824577
2023-04-13,0,0.00635733479903475,0.0,0.0,0.0036943816564172813,0.006405407512550917,0.2644152018463811
2023-04-14,1,0.005851847445238475,0.0,0.0,0.00635733479903475,0.0036943816564172813,0.1499022887832064
2023-04-17,0,0.005631810502606061,1.0,0.0,0.005851847445238475,0.00635733479903475,0.19817269294805687
2023-04-18,0,0.005608920782984139,0.0,1.0,0.005631810502606061,0.005851847445238475,0.21120786957608123
2023-04-19,0,0.005647512432369886,0.0,0.0,0.005608920782984139,0.005631810502606061,0.230515735944134
2023-04-20,0,0.006331704388888524,0.0,0.0,0.005647512432369886,0.005608920782984139,0.24902797941507054
2023-04-21,0,0.005960630219562931,0.0,0.0,0.006331704388888524,0.005647512432369886,0.28011044034805643
2023-04-24,0,0.00295070803588793,0.0,0.0,0.005960630219562931,0.006331704388888524,0.23181246569495584
2023-04-25,0,0.006612704141605168,0.0,0.0,0.00295070803588793,0.005960630219562931,0.2602595174888411
2023-04-26,0,0.006142199042622251,0.0,0.0,0.006612704141605168,0.00295070803588793,0.20220412248516206
2023-04-27,0,0.010660108694769212,0.0,0.0,0.006142199042622251,0.006612704141605168,0.10839619852285513
2023-04-28,0,0.011183397629557477,0.0,0.0,0.010660108694769212,0.006142199042622251,0.12302585923306282
2023-05-01,0,0.010835027261459877,0.0,0.0,0.011183397629557477,0.010660108694769212,0.14432694182057462
2023-05-02,0,0.011899279740515602,0.0,0.0,0.010835027261459877,0.011183397629557477,-0.049048592100522724
2023-05-03,0,0.012126975010532098,0.0,0.0,0.011899279740515602,0.010835027261459877,-0.050234519062766984
2023-05-04,0,0.010804958077541489,0.0,0.0,0.012126975010532098,0.011899279740515602,-0.042417818581951816
2023-05-05,0,0.012714822420032511,0.0,0.0,0.010804958077541489,0.012126975010532098,-0.041990561555419914
2023-05-08,0,0.010368003236822671,0.0,0.0,0.012714822420032511,0.010804958077541489,-0.03630814444204889
2023-05-09,0,0.009814409398217237,0.0,0.0,0.010368003236822671,0.012714822420032511,-0.03375306546618956
2023-05-10,0,0.010091100835996092,0.0,0.0,0.009814409398217237,0.010368003236822671,-0.03574590190326302
2023-05-11,0,0.008993948103701105,0.0,0.0,0.010091100835996092,0.009814409398217237,-0.03166160315719892
2023-05-12,0,0.00846733056119868,0.0,0.0,0.008993948103701105,0.010091100835996092,-0.1494034885952157
2023-05-15,0,0.007613476158044387,0.0,0.0,0.00846733056119868,0.008993948103701105,-0.1543039547746396
2023-05-16,0,0.003880403316641263,0.0,0.0,0.007613476158044387,0.00846733056119868,-0.14421054295597566
2023-05-17,0,0.00623925821827824,0.0,0.0,0.003880403316641263,0.007613476158044387,-0.1401115644005699
2023-05-18,0,0.006497315052975342,0.0,0.0,0.00623925821827824,0.003880403316641263,-0.13597416391057138
2023-05-19,0,0.006616222840999483,0.0,0.0,0.006497315052975342,0.00623925821827824,-0.13313663256865493
2023-05-22,0,0.006484901961400159,0.0,0.0,0.006616222840999483,0.006497315052975342,-0.13321251143745183
2023-05-23,0,0.008204710844909478,0.0,0.0,0.006484901961400159,0.006616222840999483,-0.13798498285540292
2023-05-24,0,0.008655376893020095,0.0,0.0,0.008204710844909478,0.006484901961400159,-0.15616666006372462
2023-05-25,0,0.008886902951248915,0.0,0.0,0.008655376893020095,0.008204710844909478,-0.163224123181145
2023-05-26,0,0.00912105121467681,0.0,0.0,0.008886902951248915,0.008655376893020095,
2023-05-30,0,0.008446081697183016,0.0,0.0,0.00912105121467681,0.008886902951248915,
2023-05-31,0,0.008782465069601354,0.0,0.0,0.008446081697183016,0.00912105121467681,
2023-06-01,0,0.009607622390627563,0.0,0.0,0.008782465069601354,0.008446081697183016,
2023-06-02,1,0.00906146549141003,0.0,0.0,0.009607622390627563,0.008782465069601354,0.03780762968773199
2023-06-05,0,0.008054929257289253,1.0,0.0,0.00906146549141003,0.009607622390627563,0.03290318161372939
2023-06-06,0,0.0079790070748676,0.0,1.0,0.008054929257289253,0.00906146549141003,0.021606884427932783
2023-06-07,0,0.007509123513237682,0.0,0.0,0.0079790070748676,0.008054929257289253,0.019093981873041208
2023-06-08,0,0.007583070085973979,0.0,0.0,0.007509123513237682,0.0079790070748676,0.014960907563925914
2023-06-09,0,0.006556709651658403,0.0,0.0,0.007583070085973979,0.007509123513237682,0.027897137111337487
2023-06-12,0,0.006480512135924539,0.0,0.0,0.006556709651658403,0.007583070085973979,0.043118874430646915
2023-06-13,0,0.004843669658818303,0.0,0.0,0.006480512135924539,0.006556709651658403,0.060174026598803394
2023-06-14,0,0.004473071655259433,0.0,0.0,0.004843669658818303,0.006480512135924539,0.08261510073279696
2023-06-15,0,0.0055468440262939215,0.0,0.0,0.004473071655259433,0.004843669658818303,0.10747433027662573
2023-06-16,0,0.005511151403448544,0.0,0.0,0.0055468440262939215,0.004473071655259433,0.12629022019484118
2023-06-20,0,0.006481330377445703,0.0,0.0,0.005511151403448544,0.0055468440262939215,0.166262845536428
2023-06-21,0,0.007217739928258232,0.0,0.0,0.006481330377445703,0.005511151403448544,0.18712092117472431
2023-06-22,0,0.006582414593298155,0.0,0.0,0.007217739928258232,0.006481330377445703,0.2067938622505046
2023-06-23,0,0.006853159774880264,0.0,0.0,0.006582414593298155,0.007217739928258232,0.23268359639925001
2023-06-26,0,0.00695527419273519,0.0,0.0,0.006853159774880264,0.006582414593298155,0.24756506489175498
2023-06-27,1,0.006721424226556753,0.0,0.0,0.00695527419273519,0.006853159774880264,0.14847617168175195
2023-06-28,1,0.006661010249658504,1.0,0.0,0.006721424226556753,0.00695527419273519,0.0950066380249875
2023-06-29,1,0.0067197910485891086,1.0,1.0,0.006661010249658504,0.006721424226556753,0.03502722410873512
2023-06-30,1,0.00753485107208379,1.0,1.0,0.0067197910485891086,0.006661010249658504,0.04227046214222599
2023-07-03,1,0.007543308358407017,1.0,1.0,0.00753485107208379,0.0067197910485891086,0.047115998366406064
2023-07-05,1,0.00651374005785043,1.0,1.0,0.007543308358407017,0.00753485107208379,-0.0007160526561785704
2023-07-06,1,0.007276288880148965,1.0,1.0,0.00651374005785043,0.007543308358407017,-0.012031820432219217
2023-07-07,1,0.006371686699475882,1.0,1.0,0.007276288880148965,0.00651374005785043,-0.032551010220262584
2023-07-10,1,0.006381942710603769,1.0,1.0,0.006371686699475882,0.007276288880148965,-0.036697510073398304
2023-07-11,1,0.0066355466454913175,1.0,1.0,0.006381942710603769,0.006371686699475882,-0.018440797867117244
2023-07-12,1,0.0054597683360184685,1.0,1.0,0.0066355466454913175,0.006381942710603769,-0.027045035231798204
2023-07-13,1,0.0062081090011815235,1.0,1.0,0.0054597683360184685,0.0066355466454913175,-0.013428469403013225
2023-07-14,1,0.006123475944665436,1.0,1.0,0.0062081090011815235,0.0054597683360184685,0.016827920075131085
2023-07-17,1,0.0043356507010453155,1.0,1.0,0.006123475944665436,0.0062081090011815235,0.029907801579677335
2023-07-18,1,0.003408606984930375,1.0,1.0,0.0043356507010453155,0.006123475944665436,-0.14674540341569164
2023-07-19,1,0.0034146187943347563,1.0,1.0,0.003408606984930375,0.0043356507010453155,-0.16687558625322804
2023-07-20,1,0.005459607058749873,1.0,1.0,0.0034146187943347563,0.003408606984930375,-0.13606513637284845
2023-07-21,1,0.005167881693282773,1.0,1.0,0.005459607058749873,0.0034146187943347563,-0.11517834116612281
2023-07-24,1,0.00447476489342141,1.0,1.0,0.005167881693282773,0.005459607058749873,-0.09554604585581065
2023-07-25,1,0.004359687322459024,1.0,1.0,0.00447476489342141,0.005167881693282773,-0.1055708094997237
2023-07-26,1,0.004333132521629725,1.0,1.0,0.004359687322459024,0.00447476489342141,-0.11127762523865933
2023-07-27,1,0.004373178541630195,1.0,1.0,0.004333132521629725,0.004359687322459024,-0.18562174505448042
2023-07-28,1,0.005871675651393175,1.0,1.0,0.004373178541630195,0.004333132521629725,-0.26899884617736164
2023-07-31,1,0.004915403070447773,1.0,1.0,0.005871675651393175,0.004373178541630195,-0.3144942039241878
2023-08-01,1,0.005178242396444661,1.0,1.0,0.004915403070447773,0.005871675651393175,-0.36703113026824125
2023-08-02,0,0.007485673106948402,1.0,1.0,0.005178242396444661,0.004915403070447773,-0.41943420695832556
2023-08-03,0,0.007268663939001079,0.0,1.0,0.007485673106948402,0.005178242396444661,-0.42190838806194914
2023-08-04,1,0.007306244862949658,0.0,0.0,0.007268663939001079,0.007485673106948402,-0.39170037407313657
2023-08-07,1,0.00828770654058891,1.0,0.0,0.007306244862949658,0.007268663939001079,-0.32931633846844877
2023-08-08,1,0.006927184493647146,1.0,1.0,0.00828770654058891,0.007306244862949658,-0.2934434734200299
2023-08-09,1,0.006843730335747852,1.0,1.0,0.006927184493647146,0.00828770654058891,-0.2920154426893847
2023-08-10,1,0.007010867414669025,1.0,1.0,0.006843730335747852,0.006927184493647146,-0.2878783043317495
2023-08-11,1,0.0052850299810196216,1.0,1.0,0.007010867414669025,0.006843730335747852,-0.29813101642956447
2023-08-14,1,0.005918486818996197,1.0,1.0,0.0052850299810196216,0.007010867414669025,-0.3176762439027774
2023-08-15,1,0.007132970852429689,1.0,1.0,0.005918486818996197,0.0052850299810196216,-0.3246651758117966
2023-08-16,1,0.005769509318750039,1.0,1.0,0.007132970852429689,0.005918486818996197,-0.331527245300548
2023-08-17,1,0.0059760788032191415,1.0,1.0,0.005769509318750039,0.007132970852429689,-0.3488749070795878
2023-08-18,1,0.005985004868798124,1.0,1.0,0.0059760788032191415,0.005769509318750039,-0.35292489653823383
2023-08-21,1,0.007043189309551924,1.0,1.0,0.005985004868798124,0.0059760788032191415,-0.3433327891160162
2023-08-22,1,0.007027024549766202,1.0,1.0,0.007043189309551924,0.005985004868798124,-0.33751449752234247
2023-08-23,0,0.008236931007075638,1.0,1.0,0.007027024549766202,0.007043189309551924,-0.4471964290055465
2023-08-24,0,0.008639203846424968,0.0,1.0,0.008236931007075638,0.007027024549766202,-0.5386073692702225
2023-08-25,1,0.008782025131086738,0.0,0.0,0.008639203846424968,0.008236931007075638,-0.4835974475214466
2023-08-28,1,0.00829069385562538,1.0,0.0,0.008782025131086738,0.008639203846424968,-0.4442627536639601
2023-08-29,1,0.009410779319975688,1.0,1.0,0.00829069385562538,0.008782025131086738,-0.3884741836332056
2023-08-30,1,0.009334664581108825,1.0,1.0,0.009410779319975688,0.00829069385562538,-0.3412534542297809
2023-08-31,0,0.0092072243584141,1.0,1.0,0.009334664581108825,0.009410779319975688,-0.41425893711942774
2023-09-01,0,0.008658592483663057,0.0,1.0,0.0092072243584141,0.009334664581108825,-0.4493096515232933
2023-09-05,1,0.006140284167290947,0.0,0.0,0.008658592483663057,0.0092072243584141,-0.44776067781684736
2023-09-06,1,0.007185897808569917,1.0,0.0,0.006140284167290947,0.008658592483663057,-0.4384080962416489
2023-09-07,1,0.007129723709891584,1.0,1.0,0.007185897808569917,0.006140284167290947,-0.43242034201127416
2023-09-08,1,0.003822480807345132,1.0,1.0,0.007129723709891584,0.007185897808569917,-0.4265155097442365
2023-09-11,1,0.004552440433338096,1.0,1.0,0.003822480807345132,0.007129723709891584,-0.42486191851863897
2023-09-12,1,0.004912317996139425,1.0,1.0,0.004552440433338096,0.003822480807345132,-0.42485317741182865
2023-09-13,1,0.004855118212574564,1.0,1.0,0.004912317996139425,0.004552440433338096,-0.4242059460475274
2023-09-14,0,0.005925433088171447,1.0,1.0,0.004855118212574564,0.004912317996139425,-0.35033952713507793
2023-09-15,0,0.0071757969215346575,0.0,1.0,0.005925433088171447,0.004855118212574564,-0.34624672241768656
2023-09-18,0,0.007078103638243128,0.0,0.0,0.0071757969215346575,0.005925433088171447,-0.33700339938831514
2023-09-19,0,0.007095339671596119,0.0,0.0,0.007078103638243128,0.0071757969215346575,-0.35107970293952595
2023-09-20,0,0.007008285117926666,0.0,0.0,0.007095339671596119,0.007078103638243128,-0.3424055467401303
2023-09-21,0,0.008724808737193397,0.0,0.0,0.007008285117926666,0.007095339671596119,-0.3813202761224584
2023-09-22,0,0.00845226627114864,0.0,0.0,0.008724808737193397,0.007008285117926666,-0.4107443433879201
2023-09-25,0,0.007406370749772679,0.0,0.0,0.00845226627114864,0.008724808737193397,-0.39174255057081037
2023-09-26,0,0.007849890802643086,0.0,0.0,0.007406370749772679,0.00845226627114864,-0.3863085440165795
2023-09-27,0,0.007784249334055092,0.0,0.0,0.007849890802643086,0.007406370749772679,-0.3972126281419772
2023-09-28,0,0.008925846526974158,0.0,0.0,0.007784249334055092,0.007849890802643086,-0.401653602348428
2023-09-29,0,0.00869042458788858,0.0,0.0,0.008925846526974158,0.007784249334055092,-0.40051705126616244
2023-10-02,0,0.006680300548158444,0.0,0.0,0.00869042458788858,0.008925846526974158,-0.3573774725060651
2023-10-03,0,0.008180683287657125,0.0,0.0,0.006680300548158444,0.00869042458788858,-0.36479006779486606
2023-10-04,0,0.008880840181134811,0.0,0.0,0.008180683287657125,0.006680300548158444,-0.37827311382731976
2023-10-05,0,0.00703327633668883,0.0,0.0,0.008880840181134811,0.008180683287657125,-0.3586544307350139
2023-10-06,0,0.008451557545819817,0.0,0.0,0.00703327633668883,0.008880840181134811,-0.3565449771672823
2023-10-09,0,0.008491200034392937,0.0,0.0,0.008451557545819817,0.00703327633668883,-0.42594139524128
2023-10-10,0,0.008407207802271405,0.0,0.0,0.008491200034392937,0.008451557545819817,-0.48119432796571493
2023-10-11,0,0.008368080147981188,0.0,0.0,0.008407207802271405,0.008491200034392937,-0.5996436161585145
2023-10-12,0,0.006026788149169394,0.0,0.0,0.008368080147981188,0.008407207802271405,-0.7026054452439697
2023-10-13,0,0.006562918887992405,0.0,0.0,0.006026788149169394,0.008368080147981188,-0.6874817247535032
2023-10-16,0,0.007042519430143427,0.0,0.0,0.006562918887992405,0.006026788149169394,-0.678834425309585
2023-10-17,0,0.00618402371050728,0.0,0.0,0.007042519430143427,0.006562918887992405,-0.6553060402727928
2023-10-18,0,0.008149157437480707,0.0,0.0,0.00618402371050728,0.007042519430143427,-0.7094331089777833
2023-10-19,0,0.008147100779941144,0.0,0.0,0.008149157437480707,0.00618402371050728,-0.7767411131149787
2023-10-20,0,0.00825612121516463,0.0,0.0,0.008147100779941144,0.008149157437480707,-0.7142266682693985
2023-10-23,0,0.008324165890078299,0.0,0.0,0.00825612121516463,0.008147100779941144,-0.6324690272787467
2023-10-24,0,0.009393835496366177,0.0,0.0,0.008324165890078299,0.00825612121516463,-0.49564936611490584
2023-10-25,0,0.008195654089169722,0.0,0.0,0.009393835496366177,0.008324165890078299,
2023-10-26,0,0.007938149534557296,0.0,0.0,0.008195654089169722,0.009393835496366177,
2023-10-27,0,0.007597049638367635,0.0,0.0,0.007938149534557296,0.008195654089169722,
2023-10-30,0,0.010251903380680764,0.0,0.0,0.007597049638367635,0.007938149534557296,
2023-10-31,0,0.010030445916897977,0.0,0.0,0.010251903380680764,0.007597049638367635,
2023-11-01,0,0.010908868345251607,0.0,0.0,0.010030445916897977,0.010251903380680764,
2023-11-02,0,0.012781315170100758,0.0,0.0,0.010908868345251607,0.010030445916897977,
2023-11-03,0,0.010550504438372153,0.0,0.0,0.012781315170100758,0.010908868345251607,
2023-11-06,0,0.007604211139251542,0.0,0.0,0.010550504438372153,0.012781315170100758,
2023-11-07,0,0.005849787777942797,0.0,0.0,0.007604211139251542,0.010550504438372153,
2023-11-08,0,0.006314278503181662,0.0,0.0,0.005849787777942797,0.007604211139251542,
2023-11-09,0,0.008600434874905485,0.0,0.0,0.006314278503181662,0.005849787777942797,
2023-11-10,0,0.009314940985903408,0.0,0.0,0.008600434874905485,0.006314278503181662,
2023-11-13,1,0.007562106796839174,0.0,0.0,0.009314940985903408,0.008600434874905485,-0.0919766581472061
2023-11-14,0,0.009533668773531526,1.0,0.0,0.007562106796839174,0.009314940985903408,-0.09651706859349402
2023-11-15,0,0.009541287929549145,0.0,1.0,0.009533668773531526,0.007562106796839174,-0.0984116047359515
2023-11-16,0,0.009608082099437035,0.0,0.0,0.009541287929549145,0.009533668773531526,-0.10913733240967051
2023-11-17,0,0.009593169054164042,0.0,0.0,0.009608082099437035,0.009541287929549145,-0.11276109291265451
2023-11-20,1,0.007908863081052202,0.0,0.0,0.009593169054164042,0.009608082099437035,-0.12877782724771222
2023-11-21,1,0.007296432799716492,1.0,0.0,0.007908863081052202,0.009593169054164042,-0.18233775091534513
2023-11-22,0,0.0069889285364855966,1.0,1.0,0.007296432799716492,0.007908863081052202,-0.17022263442458305
2023-11-24,0,0.0029656905593436994,0.0,1.0,0.0069889285364855966,0.007296432799716492,-0.13002571339564786
2023-11-27,0,0.0033302050867399643,0.0,0.0,0.0029656905593436994,0.0069889285364855966,-0.10010974116451123
2023-11-28,1,0.003334478037111644,0.0,0.0,0.0033302050867399643,0.0029656905593436994,-0.27746336101295327
2023-11-29,1,0.003460128689124266,1.0,0.0,0.003334478037111644,0.0033302050867399643,-0.3997213975611384
2023-11-30,1,0.0025177102560225368,1.0,1.0,0.003460128689124266,0.003334478037111644,-0.48685540953261597
2023-12-01,0,0.002869202886326951,1.0,1.0,0.0025177102560225368,0.003460128689124266,-0.42641791313292754
2023-12-04,0,0.0037166305440856236,0.0,1.0,0.002869202886326951,0.0025177102560225368,-0.3853638551779557
2023-12-05,0,0.00373335860584909,0.0,0.0,0.0037166305440856236,0.002869202886326951,-0.3480344395696891
2023-12-06,1,0.003989670334173564,0.0,0.0,0.00373335860584909,0.0037166305440856236,-0.38214564516788685
2023-12-07,1,0.0050239957374648946,1.0,0.0,0.003989670334173564,0.00373335860584909,-0.3963788743564479
2023-12-08,1,0.0050645782717400065,1.0,1.0,0.0050239957374648946,0.003989670334173564,-0.408058028669994
2023-12-11,0,0.005074518160362752,1.0,1.0,0.0050645782717400065,0.0050239957374648946,-0.38684809419644406
2023-12-12,1,0.004920824372665742,0.0,1.0,0.005074518160362752,0.0050645782717400065,-0.38645402805670387
2023-12-13,1,0.005659720934863886,1.0,0.0,0.004920824372665742,0.005074518160362752,-0.37202198687283405
2023-12-14,1,0.005323736371606274,1.0,1.0,0.005659720934863886,0.004920824372665742,-0.35530807625384353
2023-12-15,1,0.004408643229839008,1.0,1.0,0.005323736371606274,0.005659720934863886,-0.34218353528835826
2023-12-18,0,0.004244932228127971,1.0,1.0,0.004408643229839008,0.005323736371606274,-0.2810027410319392
2023-12-19,1,0.004251007134510841,0.0,1.0,0.004244932228127971,0.004408643229839008,-0.28081235963006707
2023-12-20,1,0.00862182734213454,1.0,0.0,0.004251007134510841,0.004244932228127971,-0.23015783742605617
2023-12-21,1,0.009123269711255617,1.0,1.0,0.00862182734213454,0.004251007134510841,-0.17361962782942564
2023-12-22,1,0.007868176442552161,1.0,1.0,0.009123269711255617,0.00862182734213454,-0.10970293764463054
2023-12-26,0,0.007930461252865612,1.0,1.0,0.007868176442552161,0.009123269711255617,-0.08955105206228706
2023-12-27,0,0.00789491193254296,0.0,1.0,0.007930461252865612,0.007868176442552161,-0.14273827428276908
2023-12-28,0,0.007820704431502156,0.0,0.0,0.00789491193254296,0.007930461252865612,-0.12022568400743801
2023-12-29,0,0.007665396075579429,0.0,0.0,0.007820704431502156,0.00789491193254296,-0.09399684583453995
2024-01-02,1,0.005100429370823565,0.0,0.0,0.007665396075579429,0.007820704431502156,-0.03771981549279547
2024-01-03,1,0.0043978810505703285,1.0,0.0,0.005100429370823565,0.007665396075579429,0.02699327365286971
2024-01-04,1,0.004253184976223868,1.0,1.0,0.0043978810505703285,0.005100429370823565,-0.025027503197038278
2024-01-05,1,0.0037323266389283345,1.0,1.0,0.004253184976223868,0.0043978810505703285,-0.07710850755762261
2024-01-08,1,0.007267115177755236,1.0,1.0,0.0037323266389283345,0.004253184976223868,-0.007562773694552364
2024-01-09,1,0.0072630678116008375,1.0,1.0,0.007267115177755236,0.0037323266389283345,-0.037552435559974034
2024-01-10,0,0.007567418934783013,1.0,1.0,0.0072630678116008375,0.007267115177755236,-0.14409569845697692
2024-01-11,0,0.007119655628592735,0.0,1.0,0.007567418934783013,0.0072630678116008375,-0.15230916036163333
2024-01-12,1,0.005907448647829985,0.0,0.0,0.007119655628592735,0.007567418934783013,-0.12159296557451911
2024-01-16,1,0.005958133824799669,1.0,0.0,0.005907448647829985,0.007119655628592735,-0.07756730863931134
2024-01-17,1,0.0066875118835279575,1.0,1.0,0.005958133824799669,0.005907448647829985,-0.1548464245749637
2024-01-18,1,0.00510432030354822,1.0,1.0,0.0066875118835279575,0.005958133824799669,-0.24562184594497236
2024-01-19,1,0.006632153908032313,1.0,1.0,0.00510432030354822,0.0066875118835279575,-0.33472799837646827
2024-01-22,1,0.006484306381409493,1.0,1.0,0.006632153908032313,0.00510432030354822,-0.31175411823958576
2024-01-23,1,0.006378377065406007,1.0,1.0,0.006484306381409493,0.006632153908032313,-0.29628982817858734
2024-01-24,1,0.00637560118893178,1.0,1.0,0.006378377065406007,0.006484306381409493,-0.2812058735683463
2024-01-25,0,0.00578245305079733,1.0,1.0,0.00637560118893178,0.006378377065406007,-0.31086793197969487
2024-01-26,0,0.004620818489328808,0.0,1.0,0.00578245305079733,0.00637560118893178,-0.22055149303163418
2024-01-29,1,0.004448838575231746,0.0,0.0,0.004620818489328808,0.00578245305079733,-0.23354034761817297
2024-01-30,1,0.003051200340923209,1.0,0.0,0.004448838575231746,0.004620818489328808,-0.2504228747789225
2024-01-31,1,0.007681767982063633,1.0,1.0,0.003051200340923209,0.004448838575231746,-0.20664430636422598
2024-02-01,1,0.009043730844817705,1.0,1.0,0.007681767982063633,0.003051200340923209,-0.24340171023417895
2024-02-02,1,0.009708985121870397,1.0,1.0,0.009043730844817705,0.007681767982063633,-0.16946114588871888
2024-02-05,1,0.009856072334346048,1.0,1.0,0.009708985121870397,0.009043730844817705,-0.1488101013748344
2024-02-06,1,0.009814004248217207,1.0,1.0,0.009856072334346048,0.009708985121870397,-0.13778488173461143
2024-02-07,1,0.009883192216656227,1.0,1.0,0.009814004248217207,0.009856072334346048,-0.1097386656568313
2024-02-08,1,0.009842114171547922,1.0,1.0,0.009883192216656227,0.009814004248217207,-0.04210303803148365
2024-02-09,0,0.005670151927983676,1.0,1.0,0.009842114171547922,0.009883192216656227,0.02800719318139258
2024-02-12,1,0.00505724210019313,0.0,1.0,0.005670151927983676,0.009842114171547922,0.053847978764559455
2024-02-13,1,0.007123560650909267,1.0,0.0,0.00505724210019313,0.005670151927983676,0.10290642509909173
2024-02-14,1,0.007812957810115208,1.0,1.0,0.007123560650909267,0.00505724210019313,0.12453157977637526
2024-02-15,1,0.007970612728833384,1.0,1.0,0.007812957810115208,0.007123560650909267,0.15526378857125253
2024-02-16,1,0.007844006344983227,1.0,1.0,0.007970612728833384,0.007812957810115208,0.18911891441819864
2024-02-20,1,0.00819582015685014,1.0,1.0,0.007844006344983227,0.007970612728833384,0.236843508219914
2024-02-21,1,0.007781393539851398,1.0,1.0,0.00819582015685014,0.007844006344983227,0.24065177169243332
2024-02-22,1,0.011505553366283722,1.0,1.0,0.007781393539851398,0.00819582015685014,0.2520484162690023
2024-02-23,1,0.009363126788480941,1.0,1.0,0.011505553366283722,0.007781393539851398,0.30002166515434137
2024-02-26,1,0.009375642109616323,1.0,1.0,0.009363126788480941,0.011505553366283722,0.3370235326727476
2024-02-27,0,0.009223477194863314,1.0,1.0,0.009375642109616323,0.009363126788480941,0.22658491653709376
2024-02-28,0,0.008942874111889158,0.0,1.0,0.009223477194863314,0.009375642109616323,0.16348850434234855
2024-02-29,1,0.00828049701283992,0.0,0.0,0.008942874111889158,0.009223477194863314,0.17570045529523812
2024-03-01,1,0.008374103096090928,1.0,0.0,0.00828049701283992,0.008942874111889158,0.20566647772914598
2024-03-04,0,0.004129524130462599,1.0,1.0,0.008374103096090928,0.00828049701283992,0.3098931779859468
2024-03-05,0,0.006003933581152606,0.0,1.0,0.004129524130462599,0.008374103096090928,0.3508367125725696
2024-03-06,0,0.006080077321860268,0.0,0.0,0.006003933581152606,0.004129524130462599,0.38881151551263593
2024-03-07,0,0.007038154817579099,0.0,0.0,0.006080077321860268,0.006003933581152606,0.405185477253218
2024-03-08,0,0.007696941678763991,0.0,0.0,0.007038154817579099,0.006080077321860268,0.3626694843089768
2024-03-11,0,0.007562513781216588,0.0,0.0,0.007696941678763991,0.007038154817579099,0.30059473379237595
2024-03-12,0,0.008154929689557347,0.0,0.0,0.007562513781216588,0.007696941678763991,0.3434389446898711
2024-03-13,0,0.008193602994751926,0.0,0.0,0.008154929689557347,0.007562513781216588,0.4584907971619342
2024-03-14,0,0.0068933022396054505,0.0,0.0,0.008193602994751926,0.008154929689557347,0.4855574726626615
2024-03-15,0,0.007400032219247121,0.0,0.0,0.0068933022396054505,0.008193602994751926,0.4804497627983697
2024-03-18,0,0.00662030106295002,0.0,0.0,0.007400032219247121,0.0068933022396054505,0.47945203518744095
2024-03-19,1,0.0062713701608700725,0.0,0.0,0.00662030106295002,0.007400032219247121,0.41254522130670956
2024-03-20,0,0.006693236839883515,1.0,0.0,0.0062713701608700725,0.00662030106295002,0.40109628334475655
2024-03-21,1,0.005657622575841124,0.0,1.0,0.006693236839883515,0.0062713701608700725,0.311545348674432
2024-03-22,1,0.005602987813728457,1.0,0.0,0.005657622575841124,0.006693236839883515,0.2214529123127991
2024-03-25,1,0.005629491983938045,1.0,1.0,0.005602987813728457,0.005657622575841124,0.1427109365842296
2024-03-26,0,0.004833270155066681,1.0,1.0,0.005629491983938045,0.005602987813728457,0.25059946965105206
2024-03-27,0,0.005209524059936911,0.0,1.0,0.004833270155066681,0.005629491983938045,0.2935974629791166
2024-03-28,0,0.005067069629474413,0.0,0.0,0.005209524059936911,0.004833270155066681,0.31665603794602964
2024-04-01,0,0.0042314718954597355,0.0,0.0,0.005067069629474413,0.005209524059936911,0.3360176864234523
2024-04-02,0,0.004912526968209768,0.0,0.0,0.0042314718954597355,0.005067069629474413,0.34805283380689767
2024-04-03,0,0.004965737206938308,0.0,0.0,0.004912526968209768,0.0042314718954597355,0.34726374719354364
2024-04-04,0,0.006672514867521598,0.0,0.0,0.004965737206938308,0.004912526968209768,0.33672835956181824
2024-04-05,0,0.008253218773353244,0.0,0.0,0.006672514867521598,0.004965737206938308,0.21128113847232352
2024-04-08,0,0.007344647518309331,0.0,0.0,0.008253218773353244,0.006672514867521598,0.1186056679081891
2024-04-09,0,0.007363243182807286,0.0,0.0,0.007344647518309331,0.008253218773353244,-0.0026506029872001165
2024-04-10,0,0.008011063496660623,0.0,0.0,0.007363243182807286,0.007344647518309331,0.012358898906974863
2024-04-11,0,0.008400788919854641,0.0,0.0,0.008011063496660623,0.007363243182807286,0.01953769128710149
2024-04-12,0,0.009951287231157539,0.0,0.0,0.008400788919854641,0.008011063496660623,-0.10577439576757801
2024-04-15,0,0.009899727516168952,0.0,0.0,0.009951287231157539,0.008400788919854641,-0.2361780342523697
2024-04-16,0,0.007985851884751068,0.0,0.0,0.009899727516168952,0.009951287231157539,-0.2813787295253352
2024-04-17,0,0.00781100217111228,0.0,0.0,0.007985851884751068,0.009899727516168952,-0.29734167208953155
2024-04-18,0,0.007421126471525141,0.0,0.0,0.00781100217111228,0.007985851884751068,-0.31055973953975724
2024-04-19,0,0.007363822637704106,0.0,0.0,0.007421126471525141,0.00781100217111228,-0.31308356093413603
2024-04-22,0,0.007744572272876617,0.0,0.0,0.007363822637704106,0.007421126471525141,-0.31332814818012106
2024-04-23,0,0.008836230404232221,0.0,0.0,0.007744572272876617,0.007363822637704106,-0.31692917122558995
2024-04-24,0,0.007505896165011065,0.0,0.0,0.008836230404232221,0.007744572272876617,-0.31387563043083555
2024-04-25,0,0.007695818973462949,0.0,0.0,0.007505896165011065,0.008836230404232221,-0.3118423249320866
2024-04-26,0,0.008078117973843342,0.0,0.0,0.007695818973462949,0.007505896165011065,-0.3194011006189047
2024-04-29,0,0.007838444416057553,0.0,0.0,0.008078117973843342,0.007695818973462949,-0.3219360412321796
2024-04-30,0,0.009782596028999802,0.0,0.0,0.007838444416057553,0.008078117973843342,-0.331885476971864
2024-05-01,0,0.009462610155943338,0.0,0.0,0.009782596028999802,0.007838444416057553,-0.32919776389044725
2024-05-02,0,0.008923295197842334,0.0,0.0,0.009462610155943338,0.009782596028999802,-0.3391859469333869
2024-05-03,0,0.010142193679498151,0.0,0.0,0.008923295197842334,0.009462610155943338,-0.2900307219548057
2024-05-06,0,0.010189044353797198,0.0,0.0,0.010142193679498151,0.008923295197842334,-0.2125538205772033
2024-05-07,0,0.00979539769207751,0.0,0.0,0.010189044353797198,0.010142193679498151,
2024-05-08,1,0.009831484246952616,0.0,0.0,0.00979539769207751,0.010189044353797198,0.21647134724956754
2024-05-09,0,0.005945722499007884,1.0,0.0,0.009831484246952616,0.00979539769207751,0.21826968535991229
2024-05-10,0,0.004974594539453239,0.0,1.0,0.005945722499007884,0.009831484246952616,0.21789180209749426
2024-05-13,0,0.005163805915779191,0.0,0.0,0.004974594539453239,0.005945722499007884,0.2228786183506564
2024-05-14,0,0.0037629643106747556,0.0,0.0,0.005163805915779191,0.004974594539453239,0.21575066986752567
2024-05-15,0,0.00420682722503688,0.0,0.0,0.0037629643106747556,0.005163805915779191,0.2122307475617376
2024-05-16,0,0.004670928116781592,0.0,0.0,0.00420682722503688,0.0037629643106747556,0.20933061768783837
2024-05-17,0,0.0045653454949281785,0.0,0.0,0.004670928116781592,0.00420682722503688,0.21147546277960147
2024-05-20,0,0.004544023433998522,0.0,0.0,0.0045653454949281785,0.004670928116781592,0.21142454559886462
2024-05-21,0,0.004526757388905731,0.0,0.0,0.004544023433998522,0.0045653454949281785,0.2121822986899095
2024-05-22,0,0.004875029687465864,0.0,0.0,0.004526757388905731,0.004544023433998522,0.21630048736240076
2024-05-23,1,0.005907821795824506,0.0,0.0,0.004875029687465864,0.004526757388905731,0.07084526897854869
2024-05-24,1,0.004537880016554748,1.0,0.0,0.005907821795824506,0.004875029687465864,-0.05944693359373564
2024-05-28,1,0.004451516791394144,1.0,1.0,0.004537880016554748,0.005907821795824506,-0.1447014052015134
2024-05-29,0,0.005254679220731742,1.0,1.0,0.004451516791394144,0.004537880016554748,-0.12681858599986107
2024-05-30,0,0.005483087205803051,0.0,1.0,0.005254679220731742,0.004451516791394144,-0.11196318605837594
2024-05-31,0,0.006529484162261387,0.0,0.0,0.005483087205803051,0.005254679220731742,-0.10657060429322825
2024-06-03,1,0.006538885640105071,0.0,0.0,0.006529484162261387,0.005483087205803051,-0.10060252869403347
2024-06-04,0,0.005831500719331846,1.0,0.0,0.006538885640105071,0.006529484162261387,-0.0871295275778837
2024-06-05,0,0.006900822320911175,0.0,1.0,0.005831500719331846,0.006538885640105071,-0.07473308953548458
2024-06-06,1,0.0069147471899887415,0.0,0.0,0.006900822320911175,0.005831500719331846,-0.05212440106170331
2024-06-07,1,0.0059480778357183005,1.0,0.0,0.0069147471899887415,0.006900822320911175,-0.05803325958223983
2024-06-10,0,0.0047541613270085945,1.0,1.0,0.0059480778357183005,0.0069147471899887415,-0.028078401008898305
2024-06-11,0,0.004292839567373917,0.0,1.0,0.0047541613270085945,0.0059480778357183005,0.0037655885383164516
2024-06-12,0,0.004741890730678046,0.0,0.0,0.004292839567373917,0.0047541613270085945,0.05089153344442796
2024-06-13,0,0.004687536481926667,0.0,0.0,0.004741890730678046,0.004292839567373917,0.09967108506770185
2024-06-14,1,0.0032533685381131547,0.0,0.0,0.004687536481926667,0.004741890730678046,0.04809621414528209
2024-06-17,1,0.003673094758873342,1.0,0.0,0.0032533685381131547,0.004687536481926667,0.043661866773385724
2024-06-18,1,0.0031887627123252204,1.0,1.0,0.003673094758873342,0.0032533685381131547,0.04570886663424117
2024-06-20,1,0.003975743502474354,1.0,1.0,0.0031887627123252204,0.003673094758873342,0.09371595050687011
2024-06-21,1,0.004334868929257877,1.0,1.0,0.003975743502474354,0.0031887627123252204,-0.11919904444441679
2024-06-24,1,0.003773167025133661,1.0,1.0,0.004334868929257877,0.003975743502474354,-0.13777788512875327
2024-06-25,1,0.0039322061130443505,1.0,1.0,0.003773167025133661,0.004334868929257877,-0.1671849324255362
2024-06-26,1,0.003891150260157619,1.0,1.0,0.0039322061130443505,0.003773167025133661,-0.1874113223919501
2024-06-27,1,0.0026735898604374033,1.0,1.0,0.003891150260157619,0.0039322061130443505,-0.27577725306674966
2024-06-28,0,0.0028964686873397395,1.0,1.0,0.0026735898604374033,0.003891150260157619,-0.2250910647495182
2024-07-01,1,0.003011613243797192,0.0,1.0,0.0028964686873397395,0.0026735898604374033,-0.2648866088326565
2024-07-02,1,0.0036725568672300022,1.0,0.0,0.003011613243797192,0.0028964686873397395,-0.29137277046406235
2024-07-03,1,0.003389968957178795,1.0,1.0,0.0036725568672300022,0.003011613243797192,-0.32090391756524167
2024-07-05,1,0.0035540911426890053,1.0,1.0,0.003389968957178795,0.0036725568672300022,-0.34660282956111843
2024-07-08,1,0.0035854503664000123,1.0,1.0,0.0035540911426890053,0.003389968957178795,-0.35791435714882736
2024-07-09,1,0.003598005041660989,1.0,1.0,0.0035854503664000123,0.0035540911426890053,-0.4082940957728209
2024-07-10,1,0.0033238260821295018,1.0,1.0,0.003598005041660989,0.0035854503664000123,-0.4262603816498978
2024-07-11,1,0.006051853132946611,1.0,1.0,0.0033238260821295018,0.003598005041660989,-0.38416415915301766
2024-07-12,1,0.005994471024211172,1.0,1.0,0.006051853132946611,0.0033238260821295018,-0.3300788059066034
2024-07-15,1,0.005908069552940295,1.0,1.0,0.005994471024211172,0.006051853132946611,-0.2733396698102999
2024-07-16,1,0.005998237490974486,1.0,1.0,0.005908069552940295,0.005994471024211172,-0.17240542679776147
2024-07-17,1,0.00869378984308564,1.0,1.0,0.005998237490974486,0.005908069552940295,-0.12482955597126962
2024-07-18,1,0.009227592499484119,1.0,1.0,0.00869378984308564,0.005998237490974486,-0.015449132660310217
2024-07-19,1,0.008032064050029791,1.0,1.0,0.009227592499484119,0.00869378984308564,0.111059819156555
2024-07-22,1,0.00913017703237732,1.0,1.0,0.008032064050029791,0.009227592499484119,0.1207369116077541
2024-07-23,1,0.008738884054436449,1.0,1.0,0.00913017703237732,0.008032064050029791,0.13431743345606978
2024-07-24,1,0.011635236773714707,1.0,1.0,0.008738884054436449,0.00913017703237732,0.15948967791561883
2024-07-25,1,0.010479591299016383,1.0,1.0,0.011635236773714707,0.008738884054436449,0.1590075785806077
2024-07-26,1,0.011840806242670067,1.0,1.0,0.010479591299016383,0.011635236773714707,0.1691425005148264
2024-07-29,1,0.011737949295439958,1.0,1.0,0.011840806242670067,0.010479591299016383,0.1799264364285244
2024-07-30,1,0.011608339902370186,1.0,1.0,0.011737949295439958,0.011840806242670067,0.18850908243133163
2024-07-31,1,0.012617593827374119,1.0,1.0,0.011608339902370186,0.011737949295439958,0.19495355864207098
2024-08-01,1,0.013506826431370392,1.0,1.0,0.012617593827374119,0.011608339902370186,0.2029155145831972
2024-08-02,1,0.012380018371411856,1.0,1.0,0.013506826431370392,0.012617593827374119,0.2113940801739346
2024-08-05,1,0.016332516804753474,1.0,1.0,0.012380018371411856,0.013506826431370392,0.21216820179452106
2024-08-06,1,0.016208885068157364,1.0,1.0,0.016332516804753474,0.012380018371411856,0.21805962501291212
2024-08-07,1,0.015954599779773565,1.0,1.0,0.016208885068157364,0.016332516804753474,0.22594509768777932
2024-08-08,0,0.019623126319708934,1.0,1.0,0.015954599779773565,0.016208885068157364,-0.1438231098824949
2024-08-09,1,0.01825605763976312,0.0,1.0,0.019623126319708934,0.015954599779773565,-0.11071708736167886
2024-08-12,1,0.017840451893410183,1.0,0.0,0.01825605763976312,0.019623126319708934,-0.3687046725160487
2024-08-13,0,0.01760328477238027,1.0,1.0,0.017840451893410183,0.01825605763976312,-0.44747541356845333
2024-08-14,1,0.010376334376744466,0.0,1.0,0.01760328477238027,0.017840451893410183,-0.4489501927865161
2024-08-15,1,0.010878290461223399,1.0,0.0,0.010376334376744466,0.01760328477238027,-0.45189948510102784
2024-08-16,1,0.008969942711896797,1.0,1.0,0.010878290461223399,0.010376334376744466,-0.4589859814080979
2024-08-19,1,0.006760863055807154,1.0,1.0,0.008969942711896797,0.010878290461223399,-0.4669114973441037
2024-08-20,0,0.007651519226969764,1.0,1.0,0.006760863055807154,0.008969942711896797,-0.30532785369345083
2024-08-21,0,0.007198218174801248,0.0,1.0,0.007651519226969764,0.006760863055807154,-0.17371850439604394
2024-08-22,0,0.008019444871751434,0.0,0.0,0.007198218174801248,0.007651519226969764,-0.0807677285146671
2024-08-23,0,0.008563893414247622,0.0,0.0,0.008019444871751434,0.007198218174801248,-0.0065926274083349555
2024-08-26,1,0.007262808202788201,0.0,0.0,0.008563893414247622,0.008019444871751434,-0.0007464239898621128
2024-08-27,1,0.007263609280902326,1.0,0.0,0.007262808202788201,0.008563893414247622,0.004875868748702883
2024-08-28,1,0.006840020244260872,1.0,1.0,0.007263609280902326,0.007262808202788201,-0.0033230537166830665
2024-08-29,1,0.006803851877313781,1.0,1.0,0.006840020244260872,0.007263609280902326,-0.013687320243256088
2024-08-30,0,0.007725123739287996,1.0,1.0,0.006803851877313781,0.006840020244260872,0.058925070658534334
2024-09-03,0,0.01096972862304497,0.0,1.0,0.007725123739287996,0.006803851877313781,0.0732009068619366
2024-09-04,0,0.00950017384736391,0.0,0.0,0.01096972862304497,0.007725123739287996,0.11091902016424607
2024-09-05,0,0.009499685933735309,0.0,0.0,0.00950017384736391,0.01096972862304497,0.12941037708144865
2024-09-06,0,0.010628332696765882,0.0,0.0,0.009499685933735309,0.00950017384736391,0.1403930025390084
2024-09-09,0,0.012433278744862993,0.0,0.0,0.010628332696765882,0.009499685933735309,0.12301772011898356
2024-09-10,0,0.012729224759026226,0.0,0.0,0.012433278744862993,0.010628332696765882,0.10519624960652994
2024-09-11,0,0.012824357484512187,0.0,0.0,0.012729224759026226,0.012433278744862993,0.08951996650497684
2024-09-12,0,0.010098610361577654,0.0,0.0,0.012824357484512187,0.012729224759026226,0.09071941737204585
2024-09-13,0,0.010056884916978655,0.0,0.0,0.010098610361577654,0.012824357484512187,0.08192981624688733
2024-09-16,0,0.009773112508904934,0.0,0.0,0.010056884916978655,0.010098610361577654,0.0822765390778609
2024-09-17,0,0.004341829224887112,0.0,0.0,0.009773112508904934,0.010056884916978655,0.07528951636862488
2024-09-18,0,0.00461214180425297,0.0,0.0,0.004341829224887112,0.009773112508904934,0.05520668062664123
2024-09-19,1,0.006809771684190205,0.0,0.0,0.00461214180425297,0.004341829224887112,-0.04732743996650168
2024-09-20,1,0.006911817418423175,1.0,0.0,0.006809771684190205,0.00461214180425297,-0.013896734696581963
2024-09-23,0,0.006717884531124318,1.0,1.0,0.006911817418423175,0.006809771684190205,-0.11337614137161046
2024-09-24,0,0.006642657356000806,0.0,1.0,0.006717884531124318,0.006911817418423175,-0.26053943122487566
2024-09-25,0,0.00685753204562391,0.0,0.0,0.006642657356000806,0.006717884531124318,-0.20626837559113032
2024-09-26,0,0.0068222061489041285,0.0,0.0,0.00685753204562391,0.006642657356000806,-0.23920101868186472
2024-09-27,0,0.006618543432331768,0.0,0.0,0.0068222061489041285,0.00685753204562391,-0.29795618344703984
2024-09-30,0,0.0027940545586122834,0.0,0.0,0.006618543432331768,0.0068222061489041285,-0.25937808889555675
2024-10-01,0,0.004834594365481906,0.0,0.0,0.0027940545586122834,0.006618543432331768,-0.20941108932784824
2024-10-02,0,0.004694515679370648,0.0,0.0,0.004834594365481906,0.0027940545586122834,-0.1835900979453925
2024-10-03,0,0.004553891233779819,0.0,0.0,0.004694515679370648,0.004834594365481906,-0.16138292334321178
2024-10-04,0,0.005807008104573547,0.0,0.0,0.004553891233779819,0.004694515679370648,-0.14555185224578332
2024-10-07,0,0.0067248423223516375,0.0,0.0,0.005807008104573547,0.004553891233779819,-0.1336004829107471
2024-10-08,0,0.007885870264680368,0.0,0.0,0.0067248423223516375,0.005807008104573547,-0.13286893915042947
2024-10-09,0,0.008191291859587026,0.0,0.0,0.007885870264680368,0.0067248423223516375,-0.13405762267411947
2024-10-10,0,0.0070873956870392005,0.0,0.0,0.008191291859587026,0.007885870264680368,-0.11504303903832923
2024-10-11,0,0.007208247110358388,0.0,0.0,0.0070873956870392005,0.008191291859587026,-0.0918058524501514
2024-10-14,0,0.0071431373454806215,0.0,0.0,0.007208247110358388,0.0070873956870392005,-0.0897128877942714
2024-10-15,0,0.007920097066183627,0.0,0.0,0.0071431373454806215,0.007208247110358388,-0.081406072609984
2024-10-16,0,0.006208287229435709,0.0,0.0,0.007920097066183627,0.0071431373454806215,-0.07005319600100775
2024-10-17,0,0.0057085887983250785,0.0,0.0,0.006208287229435709,0.007920097066183627,-0.056684792242169504
2024-10-18,0,0.00537563957434098,0.0,0.0,0.0057085887983250785,0.006208287229435709,-0.038635102109641925
2024-10-21,0,0.0053467394623489956,0.0,0.0,0.00537563957434098,0.0057085887983250785,-0.013736261210035938
2024-10-22,0,0.00504847751381192,0.0,0.0,0.0053467394623489956,0.00537563957434098,0.018631690994626294
2024-10-23,0,0.005283948483970796,0.0,0.0,0.00504847751381192,0.0053467394623489956,0.06248047840695403
2024-10-24,0,0.0046587394588814,0.0,0.0,0.005283948483970796,0.00504847751381192,0.09797634563816193
2024-10-25,0,0.004156300131243062,0.0,0.0,0.0046587394588814,0.005283948483970796,0.14257164067881764
2024-10-28,0,0.004363163985113607,0.0,0.0,0.004156300131243062,0.0046587394588814,0.19493071158267627
2024-10-29,0,0.004046141864289083,0.0,0.0,0.004363163985113607,0.004156300131243062,0.19502252706788245
2024-10-30,0,0.004147588997401448,0.0,0.0,0.004046141864289083,0.004363163985113607,0.19553749420772001
2024-10-31,0,0.007820519723898422,0.0,0.0,0.004147588997401448,0.004046141864289083,0.13471362088768704
2024-11-01,1,0.007840981050674045,0.0,0.0,0.007820519723898422,0.004147588997401448,0.2507162774684835
2024-11-04,0,0.007660391471201009,1.0,0.0,0.007840981050674045,0.007820519723898422,0.24185639632816505
2024-11-05,0,0.009484473167111516,0.0,1.0,0.007660391471201009,0.007840981050674045,0.21048945327725674
2024-11-06,0,0.013698416348917525,0.0,0.0,0.009484473167111516,0.007660391471201009,0.13779642036116735
2024-11-07,0,0.013801251947106567,0.0,0.0,0.013698416348917525,0.009484473167111516,0.09805094832542241
2024-11-08,0,0.013477396128311322,0.0,0.0,0.013801251947106567,0.013698416348917525,0.07218621193183301
2024-11-11,0,0.00925296191817696,0.0,0.0,0.013477396128311322,0.013801251947106567,0.059164661575942606
2024-11-12,0,0.010001120342718706,0.0,0.0,0.00925296191817696,0.013477396128311322,0.04692860089715297
2024-11-13,0,0.00959750930837042,0.0,0.0,0.010001120342718706,0.00925296191817696,0.03584691806500378
2024-11-14,0,0.010305005081873046,0.0,0.0,0.00959750930837042,0.010001120342718706,0.02272995827140541
2024-11-15,0,0.006782702833680875,0.0,0.0,0.010305005081873046,0.00959750930837042,0.02061930135920812
2024-11-18,0,0.00611826600277012,0.0,0.0,0.006782702833680875,0.010305005081873046,0.021941368520911952
2024-11-19,0,0.006150515632294399,0.0,0.0,0.00611826600277012,0.006782702833680875,0.025807964147382866
2024-11-20,0,0.006087848004509398,0.0,0.0,0.006150515632294399,0.00611826600277012,0.030510135515940895
2024-11-21,0,0.006655795335254391,0.0,0.0,0.006087848004509398,0.006150515632294399,0.03145812474420176
2024-11-22,1,0.006850982273583521,0.0,0.0,0.006655795335254391,0.006087848004509398,-0.0020003542334542388
2024-11-25,0,0.006441703001769816,1.0,0.0,0.006850982273583521,0.006655795335254391,0.00028607547186956957
2024-11-26,0,0.001866895487172962,0.0,1.0,0.006441703001769816,0.006850982273583521,0.01883143486298094
2024-11-27,0,0.0033575261810978923,0.0,0.0,0.001866895487172962,0.006441703001769816,0.02688264117705978
2024-11-29,0,0.0035274507023847672,0.0,0.0,0.0033575261810978923,0.001866895487172962,0.032767925541882605
2024-12-02,1,0.003326040678787578,0.0,0.0,0.0035274507023847672,0.0033575261810978923,-0.0968376989766363
2024-12-03,1,0.003294028462450501,1.0,0.0,0.003326040678787578,0.0035274507023847672,-0.18780193076043614
2024-12-04,1,0.0035650223358017026,1.0,1.0,0.003294028462450501,0.003326040678787578,-0.25400040054290796
2024-12-05,1,0.003967763929669369,1.0,1.0,0.0035650223358017026,0.003294028462450501,-0.30066561495690725
2024-12-06,1,0.0036498002976754805,1.0,1.0,0.003967763929669369,0.0035650223358017026,-0.3513957741290916
2024-12-09,0,0.004282997059558643,1.0,1.0,0.0036498002976754805,0.003967763929669369,-0.3524656808851406
2024-12-10,0,0.004062969232788893,0.0,1.0,0.004282997059558643,0.0036498002976754805,-0.34993345853200997
2024-12-11,0,0.0050710908848391615,0.0,0.0,0.004062969232788893,0.004282997059558643,-0.3582450276453312
2024-12-12,1,0.00561034731703419,0.0,0.0,0.0050710908848391615,0.004062969232788893,-0.3814630862475691
2024-12-13,1,0.004958440612704574,1.0,0.0,0.00561034731703419,0.0050710908848391615,-0.38889622650195643
2024-12-16,1,0.005215196518619603,1.0,1.0,0.004958440612704574,0.00561034731703419,-0.43011235623626815
2024-12-17,0,0.005259204983080378,1.0,1.0,0.005215196518619603,0.004958440612704574,-0.4134703633012737
2024-12-18,0,0.0120909133612312,0.0,1.0,0.005259204983080378,0.005215196518619603,-0.4166374839190451
2024-12-19,0,0.012154168345073742,0.0,0.0,0.0120909133612312,0.005259204983080378,-0.41905054231257344
2024-12-20,1,0.012636913766535647,0.0,0.0,0.012154168345073742,0.0120909133612312,-0.272605658327278
2024-12-23,1,0.01322622244907869,1.0,0.0,0.012636913766535647,0.012154168345073742,-0.11793170210551537
2024-12-24,1,0.01410031242793001,1.0,1.0,0.01322622244907869,0.012636913766535647,0.006342795381683917
2024-12-26,1,0.0139919406926242,1.0,1.0,0.01410031242793001,0.01322622244907869,0.11087807777505083
2024-12-27,1,0.01451092826915476,1.0,1.0,0.0139919406926242,0.01410031242793001,0.19839579674152671
2024-12-30,0,0.00935788582512099,1.0,1.0,0.01451092826915476,0.0139919406926242,0.20744698736705033
